join_year,elite_ratio
2004,1.0000000000000000
2005,1.0000000000000000
2006,1.0000000000000000
2007,1.0000000000000000
2008,1.0000000000000000
2009,1.0000000000000000
2010,1.0000000000000000
2011,1.0000000000000000
2012,1.0000000000000000
2013,1.0000000000000000
2014,1.0000000000000000
2015,1.0000000000000000
2016,1.0000000000000000
2017,1.0000000000000000
2018,1.0000000000000000
2019,1.0000000000000000
2020,1.0000000000000000
2021,1.0000000000000000
2022,1.0000000000000000
