elite_status,avg_words,avg_useful
before_elite,95.85543579406823,0.8460281443168713
after_elite,154.8695901585271,2.543161851385499
