rev_stars,avg_word_count
1,137.06865153086173
2,138.0868219902984
3,127.91135570733626
4,111.35888742516784
5,86.73643740444055
