year_since_join,avg_stars
1,3.5739323359121125
3,3.745456965772827
